attempts,execution_seconds,job_id,reason,repeat,result.absolute_error,result.duration_seconds,result.pi,result.samples,result.seed,result.standard_error,samples,seed,status,worker_id
1,1.23573,3cedc7b6-b578-4027-8cda-e186a3447b02,exit code 0,0,0.006392653589792907,0.004886040000002367,3.1352,10000,0,0.016466089274627414,10000,0,SUCCEEDED,worker-1
1,1.386403,4c94cfa5-447a-46e4-a400-77a133f1371c,exit code 0,1,0.006392653589792907,0.007569237000012663,3.1352,10000,0,0.016466089274627414,10000,0,SUCCEEDED,worker-2
1,1.773846,daa12ac4-2fa2-4339-8ce8-e49984620fef,process exited,0,7.346410206832132e-06,0.003931106000010232,3.1416,10000,1,0.01642178260725674,10000,1,SUCCEEDED,worker-cpp
1,1.178909,41ca77d6-08a5-4a16-8ed5-018069f05e27,exit code 0,1,7.346410206832132e-06,0.006174668999989308,3.1416,10000,1,0.01642178260725674,10000,1,SUCCEEDED,worker-1
1,1.282541,3f83850a-5225-4349-bea5-bb139ffb30df,exit code 0,0,0.005992653589792951,0.054963778000001184,3.1356,10000,2,0.016463330890193514,10000,2,SUCCEEDED,worker-2
1,1.052535,d2dd63b4-8f8c-43fc-9d77-548b8a5700da,process exited,1,0.005992653589792951,0.007967888999985462,3.1356,10000,2,0.016463330890193514,10000,2,SUCCEEDED,worker-cpp
1,1.068677,3e38d0f8-928d-4dfb-acde-66b172de7219,exit code 0,0,0.002407346410207012,0.006167107000010219,3.144,10000,3,0.01640507238630784,10000,3,SUCCEEDED,worker-1
1,1.172407,628214b7-b10d-40b4-8222-f9ea787c2bf9,exit code 0,1,0.002407346410207012,0.05655796300001725,3.144,10000,3,0.01640507238630784,10000,3,SUCCEEDED,worker-2
1,0.879483,b7656aa8-26dd-4fef-ae54-e0c5095f528b,process exited,0,0.002407346410207012,0.0054941519999829325,3.144,10000,4,0.01640507238630784,10000,4,SUCCEEDED,worker-cpp
1,0.963671,d602e05b-0c1d-4542-81b3-5ed4abbd4684,exit code 0,1,0.002407346410207012,0.0027652459999956136,3.144,10000,4,0.01640507238630784,10000,4,SUCCEEDED,worker-1
1,1.028818,6ced0ea3-fad1-4012-a834-30ffa57a7930,exit code 0,0,0.021192653589793053,0.007842109000023356,3.1204,10000,5,0.016567147732787318,10000,5,SUCCEEDED,worker-2
1,0.769477,6eef55ed-f123-4f91-b7f3-cb06ab2728dc,process exited,1,0.021192653589793053,0.006626369000002796,3.1204,10000,5,0.016567147732787318,10000,5,SUCCEEDED,worker-cpp
1,1.199489,53d0ce98-e937-4233-a7f9-dfda6df81106,process exited,0,0.013592653589793002,0.004881425000007766,3.128,10000,6,0.01651549575398813,10000,6,SUCCEEDED,worker-cpp
1,1.458359,ac3ccd0f-06e5-46c7-b254-73d505949447,process exited,1,0.013592653589793002,0.002909717999983741,3.128,10000,6,0.01651549575398813,10000,6,SUCCEEDED,worker-cpp
1,1.07325,fc981aa2-dda7-42a3-a4b3-b3f2a43b4e2f,process exited,0,0.00800734641020684,0.006407804999980726,3.1496,10000,7,0.016365878650411655,10000,7,SUCCEEDED,worker-cpp
1,0.664592,f0f0b187-1946-41b4-a8d2-df04f3f6bb9f,process exited,1,0.00800734641020684,0.00627465799999527,3.1496,10000,7,0.016365878650411655,10000,7,SUCCEEDED,worker-cpp
1,1.667049,bb97cf27-e86e-4742-b259-f86d9069cf9d,exit code 0,0,0.011607346410206887,0.008671207999981334,3.1532,10000,8,0.016340531692695927,10000,8,SUCCEEDED,worker-1
1,1.622012,6949ae25-5e35-465c-8ecb-a2159ff588d1,exit code 0,1,0.011607346410206887,0.009410507000012558,3.1532,10000,8,0.016340531692695927,10000,8,SUCCEEDED,worker-2
1,1.533426,f7d5be2b-d85d-402d-8b3a-ae5e965d8a87,exit code 0,0,0.0060073464102070595,0.059482688999992206,3.1476,10000,9,0.01637990915725725,10000,9,SUCCEEDED,worker-1
1,1.507232,63a9f6df-468d-4fe0-b79c-5e59e0955b07,exit code 0,1,0.0060073464102070595,0.006777119000020093,3.1476,10000,9,0.01637990915725725,10000,9,SUCCEEDED,worker-2
1,1.429216,a90de4ce-1fd9-46a2-8bbe-6b906880f34c,exit code 0,0,0.016407346410206802,0.006997533000003386,3.158,10000,10,0.016306550830877755,10000,10,SUCCEEDED,worker-1
1,1.402013,99cea17f-4b7e-4f67-8553-e3364f712673,exit code 0,1,0.016407346410206802,0.007495439000024362,3.158,10000,10,0.016306550830877755,10000,10,SUCCEEDED,worker-2
1,1.283182,2329c969-2af1-429e-8ada-52fc3a25ce2d,exit code 0,0,0.003992653589793171,0.007063125999991371,3.1376,10000,11,0.016449517439730565,10000,11,SUCCEEDED,worker-1
1,1.242153,81a1a9fd-b957-41d8-884c-1a4f0fe08de3,exit code 0,1,0.003992653589793171,0.006029792999981964,3.1376,10000,11,0.016449517439730565,10000,11,SUCCEEDED,worker-2
1,1.942279,db843a0f-584a-4070-a9bd-5a51984acf6b,process exited,0,0.006847346410206789,0.19077850700000454,3.14844,100000,0,0.005177920013287189,100000,0,SUCCEEDED,worker-cpp
1,1.281226,3965e9a4-dd36-4caf-acde-ef2958b230bc,process exited,1,0.006847346410206789,0.19758929200000352,3.14844,100000,0,0.005177920013287189,100000,0,SUCCEEDED,worker-cpp
1,1.090868,d2f5abba-c090-486d-9f32-499c2c905daa,process exited,0,0.0037526535897929314,0.1980544969999869,3.13784,100000,1,0.005201269205107537,100000,1,SUCCEEDED,worker-cpp
1,1.070099,32557399-6d68-4093-bda1-1e1b0d5a645b,process exited,1,0.0037526535897929314,0.17840066099998353,3.13784,100000,1,0.005201269205107537,100000,1,SUCCEEDED,worker-cpp
1,1.534965,c8aae697-a6fc-4309-967c-153e8382d2ae,exit code 0,0,0.002047346410206874,0.13703943999999524,3.14364,100000,2,0.005188533078240901,100000,2,SUCCEEDED,worker-1
1,1.818856,e7cd1b4e-339a-475b-9e94-80f292802b17,exit code 0,1,0.002047346410206874,0.18217687200001365,3.14364,100000,2,0.005188533078240901,100000,2,SUCCEEDED,worker-2
1,1.360206,7c59bbd1-627c-4b37-93c0-31d592b72343,exit code 0,0,0.006872653589792943,0.17715867800001206,3.13472,100000,3,0.005208080761278573,100000,3,SUCCEEDED,worker-1
1,1.436818,349497a1-b85c-4cdd-95ee-d8ccbea9a477,exit code 0,1,0.006872653589792943,0.18448775400000272,3.13472,100000,3,0.005208080761278573,100000,3,SUCCEEDED,worker-2
1,1.183678,292c7a8d-e714-4af5-a907-bba560ba8141,exit code 0,0,0.00035265358979330585,0.1815755610000167,3.14124,100000,4,0.005193814843060927,100000,4,SUCCEEDED,worker-1
1,1.309652,aa0ecd9c-d0ce-4f4a-aaf5-e9a758a3545e,exit code 0,1,0.00035265358979330585,0.20773805400000356,3.14124,100000,4,0.005193814843060927,100000,4,SUCCEEDED,worker-2
1,1.020121,9dd2c14f-899f-4482-8b00-e9ff5ea48ada,exit code 0,0,0.0013526535897931957,0.18929609599999253,3.14024,100000,5,0.005196010722082855,100000,5,SUCCEEDED,worker-1
1,1.162583,ba222409-85ac-4f88-825d-7c223f625115,exit code 0,1,0.0013526535897931957,0.16425157899999476,3.14024,100000,5,0.005196010722082855,100000,5,SUCCEEDED,worker-2
1,0.836069,05827cc2-1779-472f-8dcd-268a76fecbce,process exited,0,0.004032653589792989,0.19316069300001004,3.13756,100000,6,0.005201881627257583,100000,6,SUCCEEDED,worker-cpp
1,0.738803,efb34ab8-8f75-4ade-8fb3-04ea7090ada7,process exited,1,0.004032653589792989,0.12676853800002164,3.13756,100000,6,0.005201881627257583,100000,6,SUCCEEDED,worker-cpp
1,0.801674,4534c926-ae7e-47bb-bc2b-893d5ce13f6c,process exited,0,0.0006473464102070281,0.178793517999992,3.14224,100000,7,0.005191616109074321,100000,7,SUCCEEDED,worker-cpp
1,1.481071,ab825b69-ddfa-4f94-a99a-1fd87bffd0b3,process exited,1,0.0006473464102070281,0.15966063700000177,3.14224,100000,7,0.005191616109074321,100000,7,SUCCEEDED,worker-cpp
1,0.798833,3bfb5b81-ac70-440f-91d7-bc3aec8366db,exit code 0,0,0.011567346410207069,0.12945801300000426,3.15316,100000,8,0.005167419098931303,100000,8,SUCCEEDED,worker-1
1,0.605074,47244239-7bde-4517-b7a7-9e1808f4724c,exit code 0,1,0.011567346410207069,0.12389516999999728,3.15316,100000,8,0.005167419098931303,100000,8,SUCCEEDED,worker-1
1,0.824699,94c7ebc3-0318-47c7-b948-82338bcf534e,exit code 0,0,0.0038073464102068577,0.11889565800001378,3.1454,100000,9,0.005184649303472705,100000,9,SUCCEEDED,worker-1
1,0.975194,b6552f60-4da3-4128-a167-ec038c8e12e5,process exited,1,0.0038073464102068577,0.18188780299999507,3.1454,100000,9,0.005184649303472705,100000,9,SUCCEEDED,worker-cpp
1,0.667854,375edd83-039e-4aa9-805b-b257013bd390,exit code 0,0,0.00228734641020667,0.12740201700000853,3.14388,100000,10,0.005188003995372402,100000,10,SUCCEEDED,worker-1
1,0.795985,d76d80e8-9aac-473f-9dfe-c65b2e0186e7,process exited,1,0.00228734641020667,0.16635226700000771,3.14388,100000,10,0.005188003995372402,100000,10,SUCCEEDED,worker-cpp
1,0.842042,1688da69-48db-4f4d-8404-0676db3ae5a5,exit code 0,0,0.002127346410206954,0.1816002909999952,3.14372,100000,11,0.005188356735614852,100000,11,SUCCEEDED,worker-2
1,0.698898,0f782fde-b497-4122-a504-5fd3d1b65be8,exit code 0,1,0.002127346410206954,0.16912321800000996,3.14372,100000,11,0.005188356735614852,100000,11,SUCCEEDED,worker-2
